{"edges": [[0, 0], [0, 1], [0, 2], [0, 3], [1, 0], [1, 1], [1, 2], [1, 3], [2, 0], [2, 1], [2, 2], [2, 3], [3, 0], [3, 1], [3, 2], [3, 3]], "node_ids": {"node1": 0, "node2": 1, "node3": 2, "node4": 3}, "weights": [1.0, 0.9295, 0.0, -0.03, 0.9295, 1.0, 0.0137, 0.1141, 0.0, 0.0137, 1.0, 0.9361, -0.03, 0.1141, 0.9361, 1.0], "FX": [[2.0, 2.1914956554166145, 3.0, 3.1914956554166145], [2.131892171342069, 2.3044735059572203, 2.9912640693269754, 3.1638454039421267], [2.2614799409538198, 2.531197318673504, 2.9652089102773487, 3.234926287997033], [2.386499169292452, 2.244652749672215, 2.9222897549773847, 2.7804433353571474], [2.5047655377348437, 2.856344214405481, 2.863256480957574, 3.2148351576282113], [2.614212712689668, 2.406314649537927, 2.7891405093963937, 2.581242446244653], [2.712928448291397, 3.3154247025396586, 2.7012367842724885, 3.30373303852075], [2.7991879968949247, 3.0485324810543677, 2.601081147283025, 2.850425631442468], [2.871484243627277, 2.9978683390801257, 2.4904235038305083, 2.616807599283357], [2.928554038489707, 3.2520787562287707, 2.3711972489182207, 2.6947219666572844], [2.9694002659393304, 3.1277881350822705, 2.245485487140799, 2.4038733562837393], [2.9933092663536383, 3.1322391544945876, 2.1154846369695863, 2.2544145251105356], [2.999863304992469, 3.2691316030506563, 1.9834660552336416, 2.252734353291829], [2.9889478706014687, 3.0242239781738096, 1.851736352288158, 1.8870124598604987], [2.9607536761368483, 2.472654449333499, 1.7225970912381556, 1.2344978644348066], [2.9157733266550574, 2.6178616979672196, 1.5983045753470306, 1.3003929466591926], [2.8547927125855392, 2.4062547389236295, 1.4810304262187852, 1.0324924525568757], [2.7788772787621125, 3.0023160981055477, 1.372823641526463, 1.596262460869898], [2.689353409118566, 2.7463098479895742, 1.275574795208911, 1.3325312340799194], [2.5877852522924734, 2.430012842819027, 1.1909830056250525, 1.0332105961516065], [2.4759473930370737, 3.0439857724688766, 1.120526248793511, 1.6885646282253137], [2.355793846922517, 2.2735382561872157, 1.0654355354005394, 0.9831799446652382], [2.229423920046752, 2.166630086913493, 1.0266734027519941, 0.9638795696187352], [2.0990455302504625, 1.9448746814549702, 1.0049170974549886, 0.8507462486594963], [1.9669366306826919, 2.339158497331972, 1.000546742659074, 1.372768609308354], [1.8354054097192662, 1.5857366817249332, 1.0136386965972775, 0.7639699686029443], [1.706749962615535, 1.881377659902072, 1.0439642184656424, 1.2185919157521794], [1.5832181395047098, 1.3698686561107827, 1.0909934649508375, 0.8776439815569104], [1.4669682712720065, 1.509793223889444, 1.1539047475790642, 1.1967297001965018], [1.3600314594966836, 1.8921449642560675, 1.2315988891431409, 1.7637123939025248], [1.2642760893268687, 1.0473730931481904, 1.3227184283742586, 1.1058154321955802], [1.1813751853133077, 1.4455048878420385, 1.4256713373170562, 1.689801039845787], [1.1127771805563884, 1.0003543714638194, 1.5386588370213117, 1.4262360279287427], [1.0596806098838387, 1.2552124028282268, 1.6597068255583567, 1.8552386185027447], [1.0230131692164006, 1.076926233418961, 1.7867003692562533, 1.8406134334588138], [1.0034155069933302, 0.9137478137398001, 1.9174206545276673, 1.8277529612741372], [1.001230030851695, 0.9416788126192949, 2.0495837546732223, 1.9900325364408222], [1.0164949251276174, 1.1206326268783071, 2.1808805343321094, 2.285018236082799], [1.0489434837048464, 0.8782218849285806, 2.3090169943749475, 2.1382953955986816], [1.098008769867041, 1.1087875492385244, 2.4317543523384932, 2.4425331317099763], [1.1628335217374712, 1.4104578096851312, 2.5469481581224267, 2.7945724460700867], [1.2422851302396654, 2.1373953473192606, 2.6525857615241684, 3.5476959786037634], [1.3349754278861514, 1.591048617364313, 2.7468214769841537, 3.0028946664623155], [1.4392849426483263, 1.7465847897022786, 2.8280088311480194, 3.1353086782019717], [1.5533911931471929, 1.7664815395026785, 2.894729329820763, 3.1078196761762484], [1.6753005307953162, 1.7285444170701227, 2.9458172417006345, 2.999061127975441], [1.8028829725485198, 1.5466785771077463, 2.9803799658748096, 2.724175570434036], [1.9339094156743002, 2.023650113845037, 2.9978136272187745, 3.0875543253895112], [2.0660905843256994, 2.3832310185449628, 2.9978136272187745, 3.314954061438038], [2.197117027451479, 1.7675744806798435, 2.9803799658748096, 2.5508374191031744], [2.3246994692046834, 2.0592361389584535, 2.9458172417006345, 2.6803539114544046], [2.4466088068528067, 2.472758517830531, 2.8947293298207635, 2.920879040798488], [2.5607150573516733, 2.774232414003668, 2.82800883114802, 3.0415261878000144], [2.6650245721138477, 2.744553025466952, 2.7468214769841546, 2.826349930337259], [2.7577148697603344, 2.6038726480940406, 2.652585761524169, 2.498743539857875], [2.8371664782625285, 2.7939120876379535, 2.546948158122427, 2.503693767497852], [2.9019912301329587, 3.2111818619214647, 2.4317543523384937, 2.7409449841269997], [2.9510565162951536, 2.8242532569536167, 2.309016994374948, 2.182213735033411], [2.983505074872382, 3.1569053138176497, 2.18088053433211, 2.3542807732773774], [2.998769969148305, 2.9243524400799323, 2.0495837546732236, 1.9751662256048512], [2.99658449300667, 2.338854887843115, 1.9174206545276686, 1.2596910493641138], [2.9769868307835994, 2.87303553511488, 1.7867003692562538, 1.6827490735875348], [2.9403193901161613, 2.421608076165799, 1.6597068255583571, 1.1409955116079948], [2.8872228194436125, 3.1381270762312803, 1.5386588370213137, 1.7895630938089817], [2.818624814686693, 2.958513894332132, 1.4256713373170573, 1.5655604169624964], [2.735723910673132, 2.661696614483521, 1.3227184283742597, 1.2486911321846486], [2.639968540503317, 2.5500331214603875, 1.2315988891431413, 1.141663470100212], [2.5330317287279938, 2.8040719975433053, 1.1539047475790647, 1.4249450163943764], [2.4167818604952904, 2.3227470416878337, 1.0909934649508375, 0.9969586461433809], [2.293250037384464, 2.441553307208067, 1.0439642184656421, 1.192267488289245], [2.1645945902807346, 1.8668863866383563, 1.013638696597278, 0.7159304929548995], [2.0330633693173086, 2.029438667208054, 1.000546742659074, 0.9969220405498194], [1.9009544697495373, 2.628798569866103, 1.0049170974549886, 1.7327611975715542], [1.77057607995325, 1.9319366426414235, 1.0266734027519937, 1.1880339654401673], [1.6442061530774845, 1.8664884595932252, 1.0654355354005387, 1.2877178419162796], [1.5240526069629272, 1.4650177344851159, 1.1205262487935106, 1.0614913763156992], [1.412214747707527, 1.496630469737355, 1.1909830056250523, 1.2753987276548802], [1.3106465908814342, 1.5326958121716368, 1.275574795208911, 1.4976240164991135], [1.2211227212378875, 1.1968537828185495, 1.3728236415264634, 1.3485547031071254], [1.1452072874144608, 0.8100776892984958, 1.4810304262187854, 1.1459008281028205], [1.0842266733449428, 0.668217070370134, 1.59830457534703, 1.1822949723722211], [1.039246323863152, 1.4675720050529637, 1.7225970912381552, 2.150922772427967], [1.0110521293985315, 1.197372561393913, 1.851736352288158, 2.0380567842835395], [1.000136695007531, 0.8806630787937583, 1.9834660552336403, 1.8639924390198677], [1.0066907336463617, 1.0238533341514764, 2.115484636969585, 2.1326472374746994], [1.0305997340606694, 1.1152895108555263, 2.2454854871407983, 2.330175263935655], [1.071445961510292, 1.211059643831599, 2.371197248918219, 2.510810931239526], [1.128515756372722, 1.2305453605276568, 2.490423503830507, 2.592453107985442], [1.2008120031050744, 1.0328217603041487, 2.601081147283024, 2.4330909044820985], [1.2870715517086024, 0.7989402499093065, 2.701236784272488, 2.213105482473192], [1.3857872873103316, 1.5369427283537815, 2.7891405093963932, 2.940295950439843], [1.495234462265156, 1.5109071608658444, 2.863256480957574, 2.8789291795582623], [1.6135008307075478, 1.7148743703725182, 2.9222897549773847, 3.023663294642355], [1.7385200590461791, 1.8237494956578006, 2.9652089102773482, 3.0504383468889698], [1.8681078286579302, 1.627857320422504, 2.991264069326975, 2.7510135610915487], [1.9999999999999996, 