dataset,method,normal,lags,nof_filters,epoch,mse(train),mse(test),calculation_time
data2,EPT-STGCN,X,4,16,150,0.18903882801532745,0.1664397120475769,890.5237691402435
data2,EPT-STGCN,X,4,32,150,0.18389952182769775,0.1631632149219513,901.6248047351837
data2,EPT-STGCN,X,4,64,150,0.18857595324516296,0.16788026690483093,930.632719039917
data2,EPT-STGCN,X,8,16,150,0.1915459781885147,0.16309760510921478,922.5497188568115
data2,EPT-STGCN,X,8,32,150,0.19626416265964508,0.17172613739967346,934.9353766441345
data2,EPT-STGCN,X,8,64,150,0.193625807762146,0.16960597038269043,971.0770103931427
data2,EPT-STGCN,X,12,16,150,0.19604837894439697,0.16558030247688293,946.1603729724884
data2,EPT-STGCN,X,12,32,150,0.19682350754737854,0.17465734481811523,953.8237919807434
data2,EPT-STGCN,X,12,64,150,0.2237083464860916,0.18817979097366333,991.8511571884155
