dataset,method,normal,lags,nof_filters,epoch,mse(train),mse(test),calculation_time
data2,STGCN,O,4,16,150,0.17852066457271576,0.1670692265033722,893.5530998706818
data2,STGCN,O,4,32,150,0.19655869901180267,0.18879267573356628,904.754508972168
data2,STGCN,O,4,64,150,0.18232440948486328,0.16911324858665466,945.1740708351135
data2,STGCN,O,8,16,150,0.18494002521038055,0.17415879666805267,918.975576877594
data2,STGCN,O,8,32,150,0.19318915903568268,0.18241705000400543,938.2098133563995
data2,STGCN,O,8,64,150,0.19547614455223083,0.18993018567562103,957.474939584732
data2,STGCN,O,12,16,150,0.19412758946418762,0.18624275922775269,931.0008482933044
data2,STGCN,O,12,32,150,0.18353937566280365,0.17525243759155273,945.2658634185791
data2,STGCN,O,12,64,150,0.2033119797706604,0.19997116923332214,980.7819485664368
