dataset,method,normal,lags,nof_filters,epoch,mse(train),mse(test),calculation_time
data2,EPT-STGCN,O,4,16,150,0.1838977187871933,0.16931413114070892,888.254045009613
data2,EPT-STGCN,O,4,32,150,0.17518791556358337,0.1620539426803589,902.4625978469849
data2,EPT-STGCN,O,4,64,150,0.1855539083480835,0.1748652160167694,931.7268216609955
data2,EPT-STGCN,O,8,16,150,0.19088320434093475,0.17851866781711578,919.5778052806854
data2,EPT-STGCN,O,8,32,150,0.1965116411447525,0.18864162266254425,931.6574025154114
data2,EPT-STGCN,O,8,64,150,0.18479573726654053,0.17564356327056885,962.8074300289154
data2,EPT-STGCN,O,12,16,150,0.18324464559555054,0.17360977828502655,937.0095307826996
data2,EPT-STGCN,O,12,32,150,0.18457646667957306,0.1738516092300415,972.50981092453
data2,EPT-STGCN,O,12,64,150,0.18242420256137848,0.17248350381851196,1004.3849465847015
