dataset,method,normal,lags,nof_filters,epoch,mse(train),mse(test),calculation_time
data2,EPT-STGCN,X,4,16,50,0.18675869703292847,0.1634942889213562,295.1279001235962
data2,EPT-STGCN,X,4,32,50,0.18085628747940063,0.1591666042804718,298.4786522388458
data2,EPT-STGCN,X,4,64,50,0.1907314509153366,0.1759907752275467,307.732803106308
data2,EPT-STGCN,X,8,16,50,0.20279066264629364,0.17404137551784515,305.7461214065552
data2,EPT-STGCN,X,8,32,50,0.19738952815532684,0.16938424110412598,306.54482865333557
data2,EPT-STGCN,X,8,64,50,0.2067047506570816,0.17665623128414154,322.3661150932312
data2,EPT-STGCN,X,12,16,50,0.2059287130832672,0.1750408262014389,311.18912649154663
data2,EPT-STGCN,X,12,32,50,0.20278693735599518,0.17551681399345398,320.4038116931915
data2,EPT-STGCN,X,12,64,50,0.2147745043039322,0.18007206916809082,326.71798944473267
