dataset,method,normal,lags,nof_filters,epoch,mse(train),mse(test),calculation_time
data2,STGCN,O,4,16,100,0.18401792645454407,0.17635168135166168,591.4686388969421
data2,STGCN,O,4,32,100,0.18008005619049072,0.16654756665229797,596.9565246105194
data2,STGCN,O,4,64,100,0.18398159742355347,0.17303597927093506,619.5088670253754
data2,STGCN,O,8,16,100,0.1820584535598755,0.17234663665294647,609.2068192958832
data2,STGCN,O,8,32,100,0.1916869580745697,0.17796747386455536,620.3057541847229
data2,STGCN,O,8,64,100,0.1968185305595398,0.18863871693611145,637.8976244926453
data2,STGCN,O,12,16,100,0.186396524310112,0.17735329270362854,620.5861074924469
data2,STGCN,O,12,32,100,0.19432473182678223,0.1885165572166443,627.7575342655182
data2,STGCN,O,12,64,100,0.18398244678974152,0.1750413477420807,645.520170211792
