dataset,method,normal,lags,nof_filters,epoch,mse(train),mse(test),calculation_time
data2,STGCN,O,4,16,50,0.18188567459583282,0.1701888144016266,301.37779545783997
data2,STGCN,O,4,32,50,0.1989041417837143,0.19071535766124725,296.45759987831116
data2,STGCN,O,4,64,50,0.1954934149980545,0.18830905854701996,308.64665365219116
data2,STGCN,O,8,16,50,0.1894235610961914,0.17790773510932922,303.5272936820984
data2,STGCN,O,8,32,50,0.21356745064258575,0.20810379087924957,307.25532627105713
data2,STGCN,O,8,64,50,0.19006749987602234,0.17556826770305634,319.69945335388184
data2,STGCN,O,12,16,50,0.18974657356739044,0.180983304977417,315.89521956443787
data2,STGCN,O,12,32,50,0.20153896510601044,0.2015053927898407,320.2176947593689
data2,STGCN,O,12,64,50,0.19367912411689758,0.1873210370540619,322.3959496021271
