dataset,method,normal,lags,nof_filters,epoch,mse(train),mse(test),calculation_time
data2,EPT-STGCN,O,4,16,50,0.19106541574001312,0.1788424551486969,295.07578921318054
data2,EPT-STGCN,O,4,32,50,0.18061792850494385,0.16690227389335632,298.2764868736267
data2,EPT-STGCN,O,4,64,50,0.1850920021533966,0.1741209179162979,307.6096911430359
data2,EPT-STGCN,O,8,16,50,0.18883951008319855,0.1738303154706955,304.9734048843384
data2,EPT-STGCN,O,8,32,50,0.21351966261863708,0.20614215731620789,308.7347104549408
data2,EPT-STGCN,O,8,64,50,0.19472986459732056,0.18438862264156342,317.3882234096527
data2,EPT-STGCN,O,12,16,50,0.1844342052936554,0.17555561661720276,311.78955483436584
data2,EPT-STGCN,O,12,32,50,0.200414776802063,0.19258642196655273,316.29075050354004
data2,EPT-STGCN,O,12,64,50,0.18959084153175354,0.17722737789154053,325.70526456832886
