{"edges": [[0, 0], [0, 1], [0, 2], [0, 3], [1, 0], [1, 1], [1, 2], [1, 3], [2, 0], [2, 1], [2, 2], [2, 3], [3, 0], [3, 1], [3, 2], [3, 3]], "node_ids": {"node1": 0, "node2": 1, "node3": 2, "node4": 3}, "weights": [0.0, 0.0, 0.9318, -0.0938, 0.0, 0.0, -0.0087, 0.9318, 0.9318, -0.0087, 0.0, 0.0, -0.0938, 0.9318, 0.0, 0.0], "FX": [[2.0, 2.2325258020835697, 2.0, 2.2325258020835697], [2.131892171342069, 2.0352937514840903, 2.0, 1.9034015801420212], [2.2614799409538198, 2.262177751107063, 2.0, 2.0006978101532433], [2.386499169292452, 2.887747173952851, 2.0, 2.5012480046603986], [2.5047655377348437, 2.5962676578018944, 2.0, 2.0915021200670507], [2.614212712689668, 2.2949047657415913, 2.0, 1.6806920530519234], [2.712928448291397, 2.9557987589872914, 2.0, 2.2428703106958943], [2.7991879968949247, 2.711325416965843, 2.0, 1.9121374200709182], [2.871484243627277, 2.808639697948184, 2.0, 1.937155454320907], [2.928554038489707, 2.762070886769482, 2.0, 1.8335168482797748], [2.9694002659393304, 2.8243565935577397, 2.0, 1.8549563276184093], [2.9933092663536383, 2.8211647223148506, 2.0, 1.8278554559612121], [2.999863304992469, 3.333999481831077, 2.0, 2.334136176838608], [2.9889478706014687, 3.24381930452559, 2.0, 2.254871433924121], [2.9607536761368483, 3.1976056523573506, 2.0, 2.2368519762205024], [2.9157733266550574, 2.8296529126015706, 2.0, 1.913879585946513], [2.8547927125855392, 3.1951092667934633, 2.0, 2.340316554207924], [2.7788772787621125, 3.4121487964299937, 2.0, 2.633271517667881], [2.689353409118566, 2.349878536392236, 2.0, 1.6605251272736699], [2.5877852522924734, 2.1636460289894233, 2.0, 1.5758607766969501], [2.4759473930370737, 2.284856173221143, 2.0, 1.8089087801840695], [2.355793846922517, 2.687594933817408, 2.0, 2.3318010868948913], [2.229423920046752, 2.1245825500248685, 2.0, 1.8951586299781165], [2.0990455302504625, 2.626936149466509, 2.0, 2.5278906192160466], [1.9669366306826919, 2.064544953712684, 2.0, 2.0976083230299922], [1.8354054097192662, 1.9278199401796905, 2.0, 2.0924145304604242], [1.706749962615535, 2.3047442392109208, 2.0, 2.5979942765953856], [1.5832181395047098, 1.7897751340243822, 2.0, 2.2065569945196724], [1.4669682712720065, 1.8142604650100014, 2.0, 2.347292193737995], [1.3600314594966836, 1.5749291090545323, 2.0, 2.2148976495578485], [1.2642760893268687, 1.4720106736364398, 2.0, 2.2077345843095713], [1.1813751853133077, 1.2342869461102504, 2.0, 2.0529117607969427], [1.1127771805563884, 0.8299091644935483, 2.0, 1.71713198393716], [1.0596806098838387, 1.1672901292410567, 2.0, 2.1076095193572177], [1.0230131692164006, 1.1322066310326666, 2.0, 2.109193461816266], [1.0034155069933302, 1.4915724533677768, 2.0, 2.488156946374447], [1.001230030851695, 1.217554103584281, 2.0, 2.216324072732586], [1.0164949251276174, 1.281064090089479, 2.0, 2.264569164961862], [1.0489434837048464, 1.2857212339227742, 2.0, 2.236777750217928], [1.098008769867041, 1.5015235610186157, 2.0, 2.4035147911515744], [1.1628335217374712, 1.2847536048554393, 2.0, 2.121920083117968], [1.2422851302396654, 1.4914816269221873, 2.0, 2.249196496682522], [1.3349754278861514, 1.1330541990046807, 2.0, 1.7980787711185293], [1.4392849426483263, 1.3897889659330975, 2.0, 1.9505040232847712], [1.5533911931471929, 1.77728260047916, 2.0, 2.223891407331967], [1.6753005307953162, 1.5728742615139808, 2.0, 1.8975737307186646], [1.8028829725485198, 2.0477442425701042, 2.0, 2.2448612700215844], [1.9339094156743002, 2.233125591117657, 2.0, 2.2992161754433567], [2.0660905843256994, 2.098028036458849, 2.0, 2.0319374521331497], [2.197117027451479, 1.9235108597145003, 2.0, 1.7263938322630215], [2.3246994692046834, 2.0891796220191363, 2.0, 1.7644801528144527], [2.4466088068528067, 2.314945518494703, 2.0, 1.8683367116418965], [2.5607150573516733, 2.8284938943797657, 2.0, 2.2677788370280925], [2.6650245721138477, 2.737588932196672, 2.0, 2.0725643600828243], [2.7577148697603344, 2.9360656585996003, 2.0, 2.178350788839266], [2.8371664782625285, 2.655153029130658, 2.0, 1.8179865508681297], [2.9019912301329587, 2.7549992007719317, 2.0, 1.8530079706389728], [2.9510565162951536, 3.1461289550780385, 2.0, 2.195072438782885], [2.983505074872382, 2.673453037560461, 2.0, 1.6899479626880787], [2.998769969148305, 2.843914024392829, 2.0, 1.8451440552445237], [2.99658449300667, 2.9147719690003755, 2.0, 1.9181874759937054], [2.9769868307835994, 3.03514610825427, 2.0, 2.0581592774706707], [2.9403193901161613, 3.0214618015993153, 2.0, 2.081142411483154], [2.8872228194436125, 2.75974450926036, 2.0, 1.8725216898167476], [2.818624814686693, 3.0459418760234724, 2.0, 2.2273170613367794], [2.735723910673132, 2.554334650279446, 2.0, 1.8186107396063138], [2.639968540503317, 2.4824559964909962, 2.0, 1.8424874559876796], [2.5330317287279938, 3.1163864068741436, 2.0, 2.58335467814615], [2.4167818604952904, 2.502032010096813, 2.0, 2.0852501496015226], [2.293250037384464, 2.5701001901803915, 2.0, 2.2768501527959275], [2.1645945902807346, 2.3229175601782415, 2.0, 2.158322969897507], [2.0330633693173086, 1.875556621615552, 2.0, 1.8424932522982433], [1.9009544697495373, 1.2613184186296955, 2.0, 1.3603639488801584], [1.77057607995325, 2.1103292007864334, 2.0, 2.3397531208331834], [1.6442061530774845, 2.0132458140493936, 2.0, 2.369039660971909], [1.5240526069629272, 1.110028671823273, 2.0, 1.5859760648603458], [1.412214747707527, 1.4323247753668416, 2.0, 2.0201100276593147], [1.3106465908814342, 0.9563310609629786, 2.0, 1.6456844700815445], [1.2211227212378875, 1.3893193371217591, 2.0, 2.1681966158838715], [1.1452072874144608, 1.234122473152191, 2.0, 2.08891518573773], [1.0842266733449428, 1.3868191600540776, 2.0, 2.3025924867091345], [1.039246323863152, 1.190760675556278, 2.0, 2.151514351693126], [1.0110521293985315, 0.81942476589669, 2.0, 1.8083726364981585], [1.000136695007531, 0.8249795835596825, 2.0, 1.8248428885521515], [1.0066907336463617, 1.0563636389532398, 2.0, 2.049672905306878], [1.0305997340606694, 1.0024125579895407, 2.0, 1.9718128239288712], [1.071445961510292, 1.6072675617944445, 2.0, 2.5358216002841525], [1.128515756372722, 0.6126665677478957, 2.0, 1.4841508113751738], [1.2008120031050744, 1.1276530979557047, 2.0, 1.9268410948506303], [1.2870715517086024, 1.034559914804987, 2.0, 1.7474883630963847], [1.3857872873103316, 1.723664484817934, 2.0, 2.3378771975076025], [1.495234462265156, 1.0155653266171056, 2.0, 1.5203308643519495], [1.6135008307075478, 1.4227711880820175, 2.0, 1.8092703573744697], [1.7385200590461791, 1.8851267445397717, 2.0, 2.1466066854935923], [1.8681078286579302, 1.8504293546227737, 2.0, 1.9823215259648435], [1.9999999999999996, 1.8849430687128024, 2.0, 1.8849430687128028]]}