{"edges": [[0, 0], [0, 1], [0, 2], [0, 3], [1, 0], [1, 1], [1, 2], [1, 3], [2, 0], [2, 1], [2, 2], [2, 3], [3, 0], [3, 1], [3, 2], [3, 3]], "node_ids": {"node1": 0, "node2": 1, "node3": 2, "node4": 3}, "weights": [0, 0.1238, 0.9172, -0.025, 0.1238, 0, -0.0087, 0.9172, 0.9172, -0.0087, 0, 0.0, -0.025, 0.9172, 0.0, 0], "FX": [[2.0, 1.9711132858705196, 3.0, 2.9711132858705196], [2.131892171342069, 2.438296797739109, 2.9912640693269754, 3.297668695724015], [2.2614799409538198, 2.5103740891547615, 2.9652089102773487, 3.2141030584782904], [2.386499169292452, 2.1022065666095147, 2.9222897549773847, 2.637997152294447], [2.5047655377348437, 2.523784403340456, 2.863256480957574, 2.8822753465631865], [2.614212712689668, 1.7703993742697364, 2.7891405093963937, 1.9453271709764621], [2.712928448291397, 2.7764996185219295, 2.7012367842724885, 2.764807954503021], [2.7991879968949247, 2.7820624312391264, 2.601081147283025, 2.583955581627227], [2.871484243627277, 2.801462776483711, 2.4904235038305083, 2.420402036686942], [2.928554038489707, 3.0088740715751365, 2.3711972489182207, 2.45151728200365], [2.9694002659393304, 3.1320524470437006, 2.245485487140799, 2.4081376682451694], [2.9933092663536383, 3.3882239796857223, 2.1154846369695863, 2.5103993503016704], [2.999863304992469, 3.1748842843746754, 1.9834660552336416, 2.158487034615848], [2.9889478706014687, 3.1130057350123637, 1.851736352288158, 1.975794216699053], [2.9607536761368483, 3.1339350179925995, 1.7225970912381556, 1.895778433093907], [2.9157733266550574, 2.6104922397066312, 1.5983045753470306, 1.2930234883986045], [2.8547927125855392, 3.051458318287402, 1.4810304262187852, 1.6776960319206482], [2.7788772787621125, 2.405661033071762, 1.372823641526463, 0.9996073958361125], [2.689353409118566, 2.763335455789521, 1.275574795208911, 1.3495568418798658], [2.5877852522924734, 2.4678972416930405, 1.1909830056250525, 1.0710949950256197], [2.4759473930370737, 2.6693060384320724, 1.120526248793511, 1.3138848941885095], [2.355793846922517, 2.4484227750315783, 1.0654355354005394, 1.158064463509601], [2.229423920046752, 2.0389513311423815, 1.0266734027519941, 0.8362008138476239], [2.0990455302504625, 2.232051039939564, 1.0049170974549886, 1.13792260714409], [1.9669366306826919, 2.1829249324417415, 1.000546742659074, 1.2165350444181235], [1.8354054097192662, 1.6099476240495154, 1.0136386965972775, 0.7881809109275266], [1.706749962615535, 1.7404596153371223, 1.0439642184656424, 1.0776738711872298], [1.5832181395047098, 1.3047620092217138, 1.0909934649508375, 0.8125373346678415], [1.4669682712720065, 1.3780739699588, 1.1539047475790642, 1.0650104462658578], [1.3600314594966836, 0.9920441647020859, 1.2315988891431409, 0.8636115943485432], [1.2642760893268687, 1.805580235230018, 1.3227184283742586, 1.864022574277408], [1.1813751853133077, 1.5676174695595941, 1.4256713373170562, 1.8119136215633427], [1.1127771805563884, 1.2400495982573367, 1.5386588370213117, 1.66593125472226], [1.0596806098838387, 1.7896082355884753, 1.6597068255583567, 2.3896344512629932], [1.0230131692164006, 1.2035293267005134, 1.7867003692562533, 1.967216526740366], [1.0034155069933302, 1.0003174434958846, 1.9174206545276673, 1.9143225910302217], [1.001230030851695, 0.7092355095524028, 2.0495837546732223, 1.75758923337393], [1.0164949251276174, 1.6226803785337252, 2.1808805343321094, 2.787065987738217], [1.0489434837048464, 0.5562185664540691, 2.3090169943749475, 1.8162920771241702], [1.098008769867041, 1.2707060697699633, 2.4317543523384932, 2.604451652241415], [1.1628335217374712, 1.44997848303858, 2.5469481581224267, 2.8340931194235357], [1.2422851302396654, 0.8747678786607301, 2.6525857615241684, 2.285068509945233], [1.3349754278861514, 1.6804985756705504, 2.7468214769841537, 3.0923446247685527], [1.4392849426483263, 1.3650946814881593, 2.8280088311480194, 2.7538185699878523], [1.5533911931471929, 1.4650575445313423, 2.894729329820763, 2.8063956812049127], [1.6753005307953162, 1.4725572466845132, 2.9458172417006345, 2.7430739575898317], [1.8028829725485198, 1.4054480080427256, 2.9803799658748096, 2.582945001369015], [1.9339094156743002, 2.0324676373706305, 2.9978136272187745, 3.096371848915105], [2.0660905843256994, 2.1406771738279855, 2.9978136272187745, 3.0724002167210607], [2.197117027451479, 2.6005430940593097, 2.9803799658748096, 3.3838060324826404], [2.3246994692046834, 2.376796298722703, 2.9458172417006345, 2.9979140712186543], [2.4466088068528067, 2.779468736782412, 2.8947293298207635, 3.227589259750369], [2.5607150573516733, 2.1440786804087137, 2.82800883114802, 2.4113724542050603], [2.6650245721138477, 2.6704999412963004, 2.7468214769841546, 2.7522968461666073], [2.7577148697603344, 2.556358934905015, 2.652585761524169, 2.4512298266688495], [2.8371664782625285, 2.8312842344470126, 2.546948158122427, 2.541065914306911], [2.9019912301329587, 3.3341838917463344, 2.4317543523384937, 2.8639470139518695], [2.9510565162951536, 2.9795134770008507, 2.309016994374948, 2.337473955080645], [2.983505074872382, 2.5660450055302357, 2.18088053433211, 1.7634204649899634], [2.998769969148305, 2.823844660533824, 2.0495837546732236, 1.8746584460587425], [2.99658449300667, 2.568900736330573, 1.9174206545276686, 1.4897368978515717], [2.9769868307835994, 2.2945584542434436, 1.7867003692562538, 1.104271992716098], [2.9403193901161613, 3.513330455095298, 1.6597068255583571, 2.2327178905374945], [2.8872228194436125, 2.7675350575913398, 1.5386588370213137, 1.418971075169041], [2.818624814686693, 2.814910758456648, 1.4256713373170573, 1.4219572810870122], [2.735723910673132, 3.1230488119264113, 1.3227184283742597, 1.7100433296275388], [2.639968540503317, 2.728775624779919, 1.2315988891431413, 1.3204059734197433], [2.5330317287279938, 3.2726694520457276, 1.1539047475790647, 1.8935424708967985], [2.4167818604952904, 2.5463019455531195, 1.0909934649508375, 1.2205135500086668], [2.293250037384464, 2.0771792952079453, 1.0439642184656421, 0.8278934762891234], [2.1645945902807346, 1.9163028918858758, 1.013638696597278, 0.765346998202419], [2.0330633693173086, 2.26800654866885, 1.000546742659074, 1.2354899220106152], [1.9009544697495373, 1.596157906799859, 1.0049170974549886, 0.7001205345053104], [1.77057607995325, 1.8111633261672309, 1.0266734027519937, 1.0672606489659746], [1.6442061530774845, 1.4991708191977442, 1.0654355354005387, 0.9204002015207984], [1.5240526069629272, 1.595785605086361, 1.1205262487935106, 1.1922592469169444], [1.412214747707527, 1.90169700711145, 1.1909830056250523, 1.680465265028975], [1.3106465908814342, 1.0818843884096077, 1.275574795208911, 1.0468125927370844], [1.2211227212378875, 1.3229949660072096, 1.3728236415264634, 1.4746958862957855], [1.1452072874144608, 1.0115405514140035, 1.4810304262187854, 1.3473636902183281], [1.0842266733449428, 0.7620733244280735, 1.59830457534703, 1.2761512264301607], [1.039246323863152, 0.9756673714944758, 1.7225970912381552, 1.6590181388694791], [1.0110521293985315, 0.6030428568986455, 1.851736352288158, 1.443727079788272], [1.000136695007531, 1.3012365650609905, 1.9834660552336403, 2.2845659252871], [1.0066907336463617, 0.6898764877693033, 2.115484636969585, 1.7986703910925266], [1.0305997340606694, 1.5996775705687947, 2.2454854871407983, 2.8145633236489234], [1.071445961510292, 1.0572302701649834, 2.371197248918219, 2.3569815575729103], [1.128515756372722, 1.1594469982132742, 2.490423503830507, 2.521354745671059], [1.2008120031050744, 1.1871990318164707, 2.601081147283024, 2.5874681759944207], [1.2870715517086024, 1.1085323920991914, 2.701236784272488, 2.5226976246630772], [1.3857872873103316, 1.5262298964777246, 2.7891405093963932, 2.929583118563786], [1.495234462265156, 1.9389673221359471, 2.863256480957574, 3.306989340828365], [1.6135008307075478, 1.6151323277874479, 2.9222897549773847, 2.923921252057285], [1.7385200590461791, 1.656254723538161, 2.9652089102773482, 2.88294357476933], [1.8681078286579302, 1.8926152584383633, 2.991264069326975, 3.015771499107408], [1.9999999999999996, 2.2392565135533444, 